123,123

234,357

23,380

34,414

3,417

23,317

42,125

3,105

2,73

1,71

2,50

3,11

3,11

3,12

123,134

123,255

123,375

123,495

123,615

123,615

123,615

123,615

123,615

123,615

123,615

123,615

123,615

123,615

123,615

123,615

123,615

123,615

123,615

123,615

123,615

123,615

123,615

123,615

123,615

123,615

123,615

123,615

123,615

123,615

123,615

123,615

123,615

123,615

123,615

123,615

123,615

123,615

123,615

123,615

234,726

23,626

34,537

3,417

23,317

42,125

3,105

2,73

1,71

2,50

3,11

3,11

3,12

234,245

23,266

34,297

3,297

23,317

42,125

3,105

2,73

1,71

2,50

3,11

3,11

3,12

234,245

23,266

34,297

3,297

23,317

42,125

3,105

2,73

1,71

2,50

3,11

3,11

3,12

234,245

23,266

34,297

3,297

23,317

42,125

3,105

2,73

1,71

2,50

3,11

3,11

3,12

234,245

23,266

34,297

3,297

23,317

42,125

3,105

2,73

1,71

2,50

3,11

3,11

3,12

234,245

23,266

34,297

3,297

23,317

42,125

3,105

2,73

1,71

2,50

3,11

3,11

3,12

234,245

23,266

34,297

3,297

23,317

42,125

3,105

2,73

1,71

2,50

3,11

3,11

3,12

234,245

23,266

34,297

3,297

23,317

42,125

3,105

2,73

1,71

2,50

3,11

3,11

3,12

234,245

23,266

34,297

3,297

23,317

42,125

3,105

2,73

1,71

2,50

3,11

3,11

3,12

234,245

23,266

34,297

3,297

23,317

42,125

3,105

2,73

1,71

2,50

3,11

3,11

3,12

234,245

23,266

34,297

3,297

23,317

42,125

3,105

2,73

1,71

2,50

3,11

3,11

3,12

234,245

23,266

34,297

3,297

23,317

42,125

3,105

2,73

1,71

2,50

3,11

3,11

3,12

234,245

23,266

34,297

3,297

23,317

42,125

3,105

2,73

1,71

2,50

3,11

3,11

3,12

234,245

23,266

34,297

3,297

23,317

42,125

3,105

2,73

1,71

2,50

3,11

3,11

3,12

234,245

23,266

34,297

3,297

23,317

42,125

3,105

2,73

1,71

2,50

3,11

3,11

3,12

234,245

23,266

34,297

3,297

23,317

42,125

3,105

2,73

1,71

2,50

3,11

3,11

3,12

234,245

23,266

34,297

3,297

23,317

42,125

3,105

2,73

1,71

2,50

3,11

3,11

3,12

234,245

23,266

34,297

3,297

23,317

42,125

3,105

2,73

1,71

2,50

3,11

3,11

3,12

234,245

23,266

34,297

3,297

23,317

42,125

3,105

2,73

1,71

2,50

3,11

3,11

3,12

234,245

23,266

34,297

3,297

23,317

42,125

3,105

2,73

1,71

2,50

3,11

3,11

3,12

234,245

23,266

34,297

3,297

23,317

42,125

3,105

2,73

1,71

2,50

3,11

3,11

3,12

234,245

23,266

34,297

3,297

23,317

42,125

3,105

2,73

1,71

2,50

3,11

3,11

3,12

234,245

23,266

34,297

3,297

23,317

42,125

3,105

2,73

1,71

2,50

3,11

3,11

3,12

234,245

23,266

34,297

3,297

23,317

42,125

3,105

2,73

1,71

2,50

3,11

3,11

3,12

234,245

23,266

34,297

3,297

23,317

42,125

3,105

2,73

1,71

2,50

3,11

3,11

3,12

234,245

23,266

34,297

3,297

23,317

42,125

3,105

2,73

1,71

2,50

3,11

3,11

3,12

234,245

23,266

34,297

3,297

23,317

42,125

3,105

2,73

1,71

2,50

3,11

3,11

3,12

234,245

23,266

34,297

3,297

23,317

42,125

3,105

2,73

1,71

2,50

3,11

3,11

3,12

234,245

23,266

34,297

3,297

23,317

42,125

3,105

2,73

1,71

2,50

3,11

3,11

3,12

234,245

23,266

34,297

3,297

23,317

42,125

3,105

2,73

1,71

2,50

3,11

3,11

3,12

234,245

23,266

34,297

3,297

23,317

42,125

3,105

2,73

1,71

2,50

3,11

3,11

3,12

234,245

23,266

34,297

3,297

23,317

42,125

3,105

2,73

1,71

2,50

3,11

3,11

3,12

234,245

23,266

34,297

3,297

23,317

42,125

3,105

2,73

1,71

2,50

3,11

3,11

3,12

234,245

23,266

34,297

3,297

23,317

42,125

3,105

2,73

1,71

2,50

3,11

3,11

3,12

234,245

23,266

34,297

3,297

23,317

42,125

3,105

2,73

1,71

2,50

3,11

3,11

3,12

234,245

23,266

34,297

3,297

23,317

42,125

3,105

2,73

1,71

2,50

3,11

3,11

3,12

234,245

23,266

34,297

3,297

23,317

42,125

3,105

2,73

1,71

2,50

3,11

3,11

3,12

234,245

23,266

34,297

3,297

23,317

42,125

3,105

2,73

1,71

2,50

3,11

3,11

3,12

234,245

23,266

34,297

3,297

23,317

42,125

3,105

2,73

1,71

2,50

3,11

3,11

3,12

234,245

23,266

34,297

3,297

23,317

42,125

3,105

2,73

1,71

2,50

3,11

3,11

3,12

123,134

234,366

23,386

34,417

3,417

23,317

42,125

3,105

2,73

1,71

2,50

3,11

3,11

3,12

3,14

2,14

1,12

2,11

3,11

3,11

3,12

123,134

234,366

23,386

34,417

3,417

23,317

42,125

3,105

2,73

1,71

2,50

3,11

3,11

3,12

3,14

2,14

1,12

2,11

3,11

3,11

3,12

123,134

234,366

23,386

34,417

3,417

23,317

42,125

3,105

2,73

1,71

2,50

3,11

3,11

3,12

123,1

234,2

23,3

34,4

3,5

23,6

42,7

3,8

2,9

1,10

2,11

3,12

3,13

3,14

123,15

123,16

123,17

123,18

123,19

123,20

123,21

123,22

123,23

123,24

123,25

123,26

123,27

123,28

123,29

123,30

123,31

123,32

123,33

123,34

123,35

123,36

123,37

123,38

123,39

123,40

123,41

123,42

123,43

123,44

123,45

123,46

123,47

123,48

123,49

123,50

123,51

123,52

123,53

123,54

234,55

23,56

34,57

3,58

23,59

42,60

3,61

2,62

1,63

2,64

3,65

3,66

3,67

234,68

23,69

34,70

3,71

23,72

42,73

3,74

2,75

1,76

2,77

3,78

3,79

3,80

234,81

23,82

34,83

3,84

23,85

42,86

3,87

2,88

1,89

2,90

3,91

3,92

3,93

234,94

23,95

34,96

3,97

23,98

42,99

3,100

2,101

1,102

2,103

3,104

3,105

3,106

234,107

23,108

34,109

3,110

23,111

42,112

3,113

2,114

1,115

2,116

3,117

3,118

3,119

234,120

23,121

34,122

3,123

23,124

42,125

3,126

2,127

1,128

2,129

3,130

3,131

3,132

234,133

23,134

34,135

3,136

23,137

42,138

3,139

2,140

1,141

2,142

3,143

3,144

3,145

234,146

23,147

34,148

3,149

23,150

42,151

3,152

2,153

1,154

2,155

3,156

3,157

3,158

234,159

23,160

34,161

3,162

23,163

42,164

3,165

2,166

1,167

2,168

3,169

3,170

3,171

234,172

23,173

34,174

3,175

23,176

42,177

3,178

2,179

1,180

2,181

3,182

3,183

3,184

234,185

23,186

34,187

3,188

23,189

42,190

3,191

2,192

1,193

2,194

3,195

3,196

3,197

234,198

23,199

34,200

3,201

23,202

42,203

3,204

2,205

1,206

2,207

3,208

3,209

3,210

234,211

23,212

34,213

3,214

23,215

42,216

3,217

2,218

1,219

2,220

3,221

3,222

3,223

234,224

23,225

34,226

3,227

23,228

42,229

3,230

2,231

1,232

2,233

3,234

3,235

3,236

234,237

23,238

34,239

3,240

23,241

42,242

3,243

2,244

1,245

2,246

3,247

3,248

3,249

234,250

23,251

34,252

3,253

23,254

42,255

3,256

2,257

1,258

2,259

3,260

3,261

3,262

234,263

23,264

34,265

3,266

23,267

42,268

3,269

2,270

1,271

2,272

3,273

3,274

3,275

234,276

23,277

34,278

3,279

23,280

42,281

3,282

2,283

1,284

2,285

3,286

3,287

3,288

234,289

23,290

34,291

3,292

23,293

42,294

3,295

2,296

1,297

2,298

3,299

3,300

3,301

234,302

23,303

34,304

3,305

23,306

42,307

3,308

2,309

1,310

2,311

3,312

3,313

3,314

234,315

23,316

34,317

3,318

23,319

42,320

3,321

2,322

1,323

2,324

3,325

3,326

3,327

234,328

23,329

34,330

3,331

23,332

42,333

3,334

2,335

1,336

2,337

3,338

3,339

3,340

234,341

23,342

34,343

3,344

23,345

42,346

3,347

2,348

1,349

2,350

3,351

3,352

3,353

234,354

23,355

34,356

3,357

23,358

42,359

3,360

2,361

1,362

2,363

3,364

3,365

3,366

234,367

23,368

34,369

3,370

23,371

42,372

3,373

2,374

1,375

2,376

3,377

3,378

3,379

234,380

23,381

34,382

3,383

23,384

42,385

3,386

2,387

1,388

2,389

3,390

3,391

3,392

234,393

23,394

34,395

3,396

23,397

42,398

3,399

2,400

1,401

2,402

3,403

3,404

3,405

234,406

23,407

34,408

3,409

23,410

42,411

3,412

2,413

1,414

2,415

3,416

3,417

3,418

234,419

23,420

34,421

3,422

23,423

42,424

3,425

2,426

1,427

2,428

3,429

3,430

3,431

234,432

23,433

34,434

3,435

23,436

42,437

3,438

2,439

1,440

2,441

3,442

3,443

3,444

234,445

23,446

34,447

3,448

23,449

42,450

3,451

2,452

1,453

2,454

3,455

3,456

3,457

234,458

23,459

34,460

3,461

23,462

42,463

3,464

2,465

1,466

2,467

3,468

3,469

3,470

234,471

23,472

34,473

3,474

23,475

42,476

3,477

2,478

1,479

2,480

3,481

3,482

3,483

234,484

23,485

34,486

3,487

23,488

42,489

3,490

2,491

1,492

2,493

3,494

3,495

3,496

234,497

23,498

34,499

3,500

23,501

42,502

3,503

2,504

1,505

2,506

3,507

3,508

3,509

234,510

23,511

34,512

3,513

23,514

42,515

3,516

2,517

1,518

2,519

3,520

3,521

3,522

234,523

23,524

34,525

3,526

23,527

42,528

3,529

2,530

1,531

2,532

3,533

3,534

3,535

234,536

23,537

34,538

3,539

23,540

42,541

3,542

2,543

1,544

2,545

3,546

3,547

3,548

234,549

23,550

34,551

3,552

23,553

42,554

3,555

2,556

1,557

2,558

3,559

3,560

3,561

234,562

23,563

34,564

3,565

23,566

42,567

3,568

2,569

1,570

2,571

3,572

3,573

3,574

123,575

234,576

23,577

34,578

3,579

23,580

42,581

3,582

2,583

1,584

2,585

3,586

3,587

3,588

3,589

2,590

1,591

2,592

3,593

3,594

3,595

123,596

234,597

23,598

34,599

3,600

23,601

42,602

3,603

2,604

1,605

2,606

3,607

3,608

3,609

3,610

2,611

1,612

2,613

3,614

3,615

3,616

123,617

234,618

23,619

34,620

3,621

23,622

42,623

3,624

2,625

1,626

2,627

3,628

3,629

3,630

123,123

234,357

23,380

34,414

3,417

23,440

42,482

3,485

2,487

1,488

2,490

3,493

3,496

3,499

123,622

123,745

123,868

123,991

123,1114

123,1237

123,1360

123,1483

123,1606

123,1729

123,1852

123,1975

123,2098

123,2221

123,2344

123,2467

123,2590

123,2713

123,2836

123,2959

123,3082

123,3205

123,3328

123,3451

123,3574

123,3697

123,3820

123,3943

123,4066

123,4189

123,4312

123,4435

123,4558

123,4681

123,4804

123,4927

123,5050

123,5173

123,5296

123,5419

234,5653

23,5676

34,5710

3,5713

23,5736

42,5778

3,5781

2,5783

1,5784

2,5786

3,5789

3,5792

3,5795

234,6029

23,6052

34,6086

3,6089

23,6112

42,6154

3,6157

2,6159

1,6160

2,6162

3,6165

3,6168

3,6171

234,6405

23,6428

34,6462

3,6465

23,6488

42,6530

3,6533

2,6535

1,6536

2,6538

3,6541

3,6544

3,6547

234,6781

23,6804

34,6838

3,6841

23,6864

42,6906

3,6909

2,6911

1,6912

2,6914

3,6917

3,6920

3,6923

234,7157

23,7180

34,7214

3,7217

23,7240

42,7282

3,7285

2,7287

1,7288

2,7290

3,7293

3,7296

3,7299

234,7533

23,7556

34,7590

3,7593

23,7616

42,7658

3,7661

2,7663

1,7664

2,7666

3,7669

3,7672

3,7675

234,7909

23,7932

34,7966

3,7969

23,7992

42,8034

3,8037

2,8039

1,8040

2,8042

3,8045

3,8048

3,8051

234,8285

23,8308

34,8342

3,8345

23,8368

42,8410

3,8413

2,8415

1,8416

2,8418

3,8421

3,8424

3,8427

234,8661

23,8684

34,8718

3,8721

23,8744

42,8786

3,8789

2,8791

1,8792

2,8794

3,8797

3,8800

3,8803

234,9037

23,9060

34,9094

3,9097

23,9120

42,9162

3,9165

2,9167

1,9168

2,9170

3,9173

3,9176

3,9179

234,9413

23,9436

34,9470

3,9473

23,9496

42,9538

3,9541

2,9543

1,9544

2,9546

3,9549

3,9552

3,9555

234,9789

23,9812

34,9846

3,9849

23,9872

42,9914

3,9917

2,9919

1,9920

2,9922

3,9925

3,9928

3,9931

234,10165

23,10188

34,10222

3,10225

23,10248

42,10290

3,10293

2,10295

1,10296

2,10298

3,10301

3,10304

3,10307

234,10541

23,10564

34,10598

3,10601

23,10624

42,10666

3,10669

2,10671

1,10672

2,10674

3,10677

3,10680

3,10683

234,10917

23,10940

34,10974

3,10977

23,11000

42,11042

3,11045

2,11047

1,11048

2,11050

3,11053

3,11056

3,11059

234,11293

23,11316

34,11350

3,11353

23,11376

42,11418

3,11421

2,11423

1,11424

2,11426

3,11429

3,11432

3,11435

234,11669

23,11692

34,11726

3,11729

23,11752

42,11794

3,11797

2,11799

1,11800

2,11802

3,11805

3,11808

3,11811

234,12045

23,12068

34,12102

3,12105

23,12128

42,12170

3,12173

2,12175

1,12176

2,12178

3,12181

3,12184

3,12187

234,12421

23,12444

34,12478

3,12481

23,12504

42,12546

3,12549

2,12551

1,12552

2,12554

3,12557

3,12560

3,12563

234,12797

23,12820

34,12854

3,12857

23,12880

42,12922

3,12925

2,12927

1,12928

2,12930

3,12933

3,12936

3,12939

234,13173

23,13196

34,13230

3,13233

23,13256

42,13298

3,13301

2,13303

1,13304

2,13306

3,13309

3,13312

3,13315

234,13549

23,13572

34,13606

3,13609

23,13632

42,13674

3,13677

2,13679

1,13680

2,13682

3,13685

3,13688

3,13691

234,13925

23,13948

34,13982

3,13985

23,14008

42,14050

3,14053

2,14055

1,14056

2,14058

3,14061

3,14064

3,14067

234,14301

23,14324

34,14358

3,14361

23,14384

42,14426

3,14429

2,14431

1,14432

2,14434

3,14437

3,14440

3,14443

234,14677

23,14700

34,14734

3,14737

23,14760

42,14802

3,14805

2,14807

1,14808

2,14810

3,14813

3,14816

3,14819

234,15053

23,15076

34,15110

3,15113

23,15136

42,15178

3,15181

2,15183

1,15184

2,15186

3,15189

3,15192

3,15195

234,15429

23,15452

34,15486

3,15489

23,15512

42,15554

3,15557

2,15559

1,15560

2,15562

3,15565

3,15568

3,15571

234,15805

23,15828

34,15862

3,15865

23,15888

42,15930

3,15933

2,15935

1,15936

2,15938

3,15941

3,15944

3,15947

234,16181

23,16204

34,16238

3,16241

23,16264

42,16306

3,16309

2,16311

1,16312

2,16314

3,16317

3,16320

3,16323

234,16557

23,16580

34,16614

3,16617

23,16640

42,16682

3,16685

2,16687

1,16688

2,16690

3,16693

3,16696

3,16699

234,16933

23,16956

34,16990

3,16993

23,17016

42,17058

3,17061

2,17063

1,17064

2,17066

3,17069

3,17072

3,17075

234,17309

23,17332

34,17366

3,17369

23,17392

42,17434

3,17437

2,17439

1,17440

2,17442

3,17445

3,17448

3,17451

234,17685

23,17708

34,17742

3,17745

23,17768

42,17810

3,17813

2,17815

1,17816

2,17818

3,17821

3,17824

3,17827

234,18061

23,18084

34,18118

3,18121

23,18144

42,18186

3,18189

2,18191

1,18192

2,18194

3,18197

3,18200

3,18203

234,18437

23,18460

34,18494

3,18497

23,18520

42,18562

3,18565

2,18567

1,18568

2,18570

3,18573

3,18576

3,18579

234,18813

23,18836

34,18870

3,18873

23,18896

42,18938

3,18941

2,18943

1,18944

2,18946

3,18949

3,18952

3,18955

234,19189

23,19212

34,19246

3,19249

23,19272

42,19314

3,19317

2,19319

1,19320

2,19322

3,19325

3,19328

3,19331

234,19565

23,19588

34,19622

3,19625

23,19648

42,19690

3,19693

2,19695

1,19696

2,19698

3,19701

3,19704

3,19707

234,19941

23,19964

34,19998

3,20001

23,20024

42,20066

3,20069

2,20071

1,20072

2,20074

3,20077

3,20080

3,20083

234,20317

23,20340

34,20374

3,20377

23,20400

42,20442

3,20445

2,20447

1,20448

2,20450

3,20453

3,20456

3,20459

123,20582

234,20816

23,20839

34,20873

3,20876

23,20899

42,20941

3,20944

2,20946

1,20947

2,20949

3,20952

3,20955

3,20958

3,20961

2,20963

1,20964

2,20966

3,20969

3,20972

3,20975

123,21098

234,21332

23,21355

34,21389

3,21392

23,21415

42,21457

3,21460

2,21462

1,21463

2,21465

3,21468

3,21471

3,21474

3,21477

2,21479

1,21480

2,21482

3,21485

3,21488

3,21491

123,21614

234,21848

23,21871

34,21905

3,21908

23,21931

42,21973

3,21976

2,21978

1,21979

2,21981

3,21984

3,21987

3,21990

